﻿<?xml version="1.0" encoding="utf-8"?>
<BootDisks>
  <Disks NodeType="Storage">
    <Disk>
      <Manufacturer>HP</Manufacturer>
      <DeviceId>*</DeviceId>
      <Model>LOGICAL VOLUME</Model>
      <BusType>RAID</BusType>
      <MediaType>SSD</MediaType>
      <Size>*</Size>
    </Disk>
  </Disks>
  <Disks NodeType="Compute">
    <Disk>
      <Manufacturer>HP</Manufacturer>
      <DeviceId>*</DeviceId>
      <Model>LOGICAL VOLUME</Model>
      <BusType>RAID</BusType>
      <MediaType>SSD</MediaType>
      <Size>*</Size>
    </Disk>
  </Disks>
</BootDisks>