<?xml version="1.0" encoding="UTF-8"?>
<cpq_package version="2.0.1.0">
  <filename>cp028330.exe</filename>
  <divisions>
    <division key="9">
      <division_xlate lang="en">Storage</division_xlate>
      <division_xlate lang="cn">存储设备</division_xlate>
      <division_xlate lang="ja">ストレージ</division_xlate>
      <division_xlate lang="ko">스토리지</division_xlate>
      <division_xlate lang="tw">儲存裝置</division_xlate>
    </division>
    <division key="6">
      <division_xlate lang="en">Server</division_xlate>
      <division_xlate lang="cn">服务器</division_xlate>
      <division_xlate lang="ja">サーバ</division_xlate>
      <division_xlate lang="ko">서버</division_xlate>
      <division_xlate lang="tw">伺服器</division_xlate>
    </division>
  </divisions>
  <operating_systems>
    <operating_system key="">
      <operating_system_xlate>Microsoft Windows Server 2012</operating_system_xlate>
    </operating_system>
    <operating_system key="">
      <operating_system_xlate>Microsoft Windows Server 2012 Essentials</operating_system_xlate>
    </operating_system>
    <operating_system key="">
      <operating_system_xlate>Microsoft Windows Server 2012 R2</operating_system_xlate>
    </operating_system>
    <operating_system key="">
      <operating_system_xlate>Microsoft Windows Server 2016</operating_system_xlate>
    </operating_system>
  </operating_systems>
  <products>
    <product rom="R02"/>
    <product rom="P70"/>
    <product rom="P71"/>
    <product rom="P72"/>
    <product rom="I31"/>
    <product rom="A26"/>
    <product rom="I30"/>
    <product rom="P74"/>
    <product rom="J04"/>
    <product rom="J05"/>
    <product rom="J02"/>
    <product rom="A31"/>
    <product rom="P74"/>
    <product rom="P75"/>
    <product rom="P75"/>
    <product rom="P75"/>
    <product rom="I32"/>
    <product rom="P77"/>
    <product rom="A29"/>
    <product rom="A28"/>
    <product rom="P73"/>
    <product rom="P73"/>
    <product rom="P80"/>
    <product rom="J03"/>
    <product rom="P78"/>
    <product rom="J06"/>
    <product rom="I31"/>
    <product rom="P89"/>
    <product rom="P89"/>
    <product rom="P92"/>
    <product rom="I36"/>
    <product rom="U20"/>
    <product rom="U20"/>
    <product rom="U13"/>
    <product rom="U13"/>
    <product rom="P86"/>
    <product rom="U15"/>
    <product rom="U15"/>
    <product rom="P95"/>
    <product rom="U12"/>
    <product rom="I38"/>
    <product rom="P85"/>
    <product rom="P99"/>
    <product rom="U17"/>
    <product rom="U18"/>
    <product rom="U18"/>
    <product rom="U18"/>
    <product rom="U19"/>
    <product rom="U21"/>
  </products>
  <category key="11300214">
    <category_xlate lang="en">Driver - Storage Controller</category_xlate>
    <category_xlate lang="cn">驱动程序 - 存储控制器</category_xlate>
    <category_xlate lang="ja">ドライバ - ストレージ コントローラ</category_xlate>
    <category_xlate lang="ko">드라이버 - 스토리지 컨트롤러</category_xlate>
    <category_xlate lang="tw">驅動程式 ─ 儲存裝置控制器</category_xlate>
  </category>
  <id product="32cb58a13b764af9aba40956dbeca3b6" version="82342029ae7844ebadfb158743bebfe3"/>
  <name>
    <name_xlate lang="en">HP ProLiant Smart Array HPCISSS3 Controller Driver for Windows Server 2012 x64 Edition</name_xlate>
    <name_xlate lang="cn">用于 Windows Server 2012 x64 Edition 的 HP ProLiant Smart Array HPCISSS3 控制器驱动程序</name_xlate>
    <name_xlate lang="ja">HP ProLiant Smartアレイ HPCISSS3コントローラードライバー for Windows Server 2012 x64 Edition</name_xlate>
    <name_xlate lang="ko">Windows Server 2012 x64 에디션용 HP ProLiant 스마트 어레이 HPCISSS3 컨트롤러 드라이버</name_xlate>
    <name_xlate lang="tw">適用於 Windows Server 2012 x64 版的 HP ProLiant Smart Array HPCISSS3 控制器驅動程式</name_xlate>
  </name>
  <alt_name>
    <alt_name_xlate lang="en">HP ProLiant Smart Array HPCISSS3 Controller Driver for Windows Server 2012 x64 Edition</alt_name_xlate>
    <alt_name_xlate lang="cn">用于 Windows Server 2012 x64 Edition 的 HP ProLiant Smart Array HPCISSS3 控制器驱动程序</alt_name_xlate>
    <alt_name_xlate lang="ja">HP ProLiant Smartアレイ HPCISSS3コントローラードライバー for Windows Server 2012 x64 Edition</alt_name_xlate>
    <alt_name_xlate lang="ko">Windows Server 2012 x64 에디션용 HP ProLiant 스마트 어레이 HPCISSS3 컨트롤러 드라이버</alt_name_xlate>
    <alt_name_xlate lang="tw">適用於 Windows Server 2012 x64 版的 HP ProLiant Smart Array HPCISSS3 控制器驅動程式</alt_name_xlate>
  </alt_name>
  <version value="63.10.0.64" revision="A" type_of_change="1"/>
  <manufacturer_name>
    <manufacturer_name_xlate lang="en">Hewlett-Packard Development Company, L.P.</manufacturer_name_xlate>
    <manufacturer_name_xlate lang="cn">Hewlett-Packard Development Company, L.P.</manufacturer_name_xlate>
    <manufacturer_name_xlate lang="ja">Hewlett-Packard Development Company, L.P.</manufacturer_name_xlate>
    <manufacturer_name_xlate lang="ko">Hewlett-Packard Development Company, L.P.</manufacturer_name_xlate>
    <manufacturer_name_xlate lang="tw">Hewlett-Packard Development Company, L.P.</manufacturer_name_xlate>
  </manufacturer_name>
  <languages langlist="en, ja">
    <languages_xlate lang="en">English (US), Japanese</languages_xlate>
    <languages_xlate lang="ja">英語（US）, 日本語</languages_xlate>
    <languages_xlate lang="ko">영어(미국), 일본어</languages_xlate>
    <languages_xlate lang="cn">英语（美国）, 日语</languages_xlate>
    <languages_xlate lang="tw">美式英文, 日文</languages_xlate>
  </languages>
  <release_date year="2015" month="12" day="15" hour="2" minute="35" second="39"/>
  <description>
    <description_xlate lang="en">
<![CDATA[This component provides support for the HP Smart Array SAS/SATA Controllers.]]>
</description_xlate>
    <description_xlate lang="cn">
<![CDATA[该组件为 HP Smart Array SAS/SATA 控制器提供支持。]]>
</description_xlate>
    <description_xlate lang="ja">
<![CDATA[このコンポーネントは、HP SmartアレイSAS/SATAコントローラーのサポートを提供します。]]>
</description_xlate>
    <description_xlate lang="ko">
<![CDATA[이 구성요소는 HP 스마트 어레이 SAS/SATA 컨트롤러를 지원합니다.]]>
</description_xlate>
    <description_xlate lang="tw">
<![CDATA[此元件提供對 HP Smart Array SAS/SATA 控制器的支援。]]>
</description_xlate>
  </description>
  <prerequisite_notes/>
  <installation_notes>
    <installation_notes_xlate lang="en">
      <installation_notes_xlate_part>
<![CDATA[Download the Smart Component to a directory on your hard drive and change to that directory. The downloaded file is a self-extracting executable with a filename based on the Smart Component Number. <br><p>From that drive and directory, execute the downloaded file.]]>
</installation_notes_xlate_part>
    </installation_notes_xlate>
    <installation_notes_xlate lang="cn">
      <installation_notes_xlate_part>
<![CDATA[将智能组件下载到硬盘目录中，然后转至该目录。下载的文件是一个自解压可执行文件，其文件名基于 Smart Component 编号命名。 <br><p>在该硬盘目录中，执行下载的文件。]]>
</installation_notes_xlate_part>
    </installation_notes_xlate>
    <installation_notes_xlate lang="ja">
      <installation_notes_xlate_part>
<![CDATA[Smartコンポーネントをハードディスク ドライブにダウンロードし、そのディレクトリに移動します。 ダウンロードしたファイルは、Smartコンポーネント番号に基づくファイル名を持つ、自己解凍型の実行ファイルです。 <br><p>そのドライブのディレクトリから、ダウンロードしたファイルを実行します。]]>
</installation_notes_xlate_part>
    </installation_notes_xlate>
    <installation_notes_xlate lang="ko">
      <installation_notes_xlate_part>
<![CDATA[스마트 구성 요소를 하드 드라이브의 디렉터리로 다운로드하고 그 디렉터리로 이동합니다. 다운로드한 파일은 스마트 구성 요소 번호에 따라 파일 이름이 지정된 자동 압축 풀기 실행 파일입니다. <br><p>드라이브와 디렉터리에서 다운로드한 파일을 실행합니다.]]>
</installation_notes_xlate_part>
    </installation_notes_xlate>
    <installation_notes_xlate lang="tw">
      <installation_notes_xlate_part>
<![CDATA[將智慧型元件下載至硬碟上的目錄，並變更至該目錄。下載的檔案為自我解壓縮的可執行檔，其檔名包含智慧型元件編號。 <br><p>從該磁碟和目錄，執行下載的檔案。]]>
</installation_notes_xlate_part>
    </installation_notes_xlate>
  </installation_notes>
  <availability_notes/>
  <documentation_notes/>
  <revision_history>
    <revision>
      <version value="63.10.0.64" revision="A" type_of_change="1"/>
      <revision_enhancements_xlate lang="en">
        <revision_enhancements_xlate_part>
<![CDATA[<p>Microsoft Windows Server 2016 OS support added.</p>
]]>
</revision_enhancements_xlate_part>
      </revision_enhancements_xlate>
      <revision_enhancements_xlate lang="cn">
        <revision_enhancements_xlate_part>
<![CDATA[<p>新增对 Microsoft Windows 服务器 2016 操作系统的支持。</p>
]]>
</revision_enhancements_xlate_part>
      </revision_enhancements_xlate>
      <revision_enhancements_xlate lang="ja">
        <revision_enhancements_xlate_part>
<![CDATA[<p>Microsoft Windows Server 2016 OSのサポートが追加されました。</p>
]]>
</revision_enhancements_xlate_part>
      </revision_enhancements_xlate>
      <revision_enhancements_xlate lang="ko">
        <revision_enhancements_xlate_part>
<![CDATA[<p>Microsoft Windows Server 2016 OS 지원이 추가되었습니다.</p>
]]>
</revision_enhancements_xlate_part>
      </revision_enhancements_xlate>
      <revision_enhancements_xlate lang="tw">
        <revision_enhancements_xlate_part>
<![CDATA[<p>已新增 Microsoft Windows Server 2016 OS 支援。</p>
]]>
</revision_enhancements_xlate_part>
      </revision_enhancements_xlate>
    </revision>
    <revision>
      <version value="63.10.0.64" revision="" type_of_change="1"/>
      <revision_enhancements_xlate lang="en">
        <revision_enhancements_xlate_part>
<![CDATA[<ul>
	<li>Added support for the HP Smart Array P840ar Controller.</li>
	<li>Disabled excessive diagnostic event logging to the Windows Event log.</li>
</ul>
]]>
</revision_enhancements_xlate_part>
      </revision_enhancements_xlate>
      <revision_enhancements_xlate lang="cn">
        <revision_enhancements_xlate_part>
<![CDATA[<ul>
	<li>增加了对HP Smart Array P840ar控制器的支持。</li>
	<li>禁用了Windows事件日志中过量的诊断事件日志。</li>
</ul>
]]>
</revision_enhancements_xlate_part>
      </revision_enhancements_xlate>
      <revision_enhancements_xlate lang="ja">
        <revision_enhancements_xlate_part>
<![CDATA[<ul>
	<li>HP SmartアレイP840arコントローラーのサポートを追加しました。</li>
	<li>Windowsイベントログへの過度の診断イベントの記録を無効にしました。</li>
</ul>
]]>
</revision_enhancements_xlate_part>
      </revision_enhancements_xlate>
      <revision_enhancements_xlate lang="ko">
        <revision_enhancements_xlate_part>
<![CDATA[<ul>
	<li>HP 스마트 어레이 P840ar 컨트롤러에 대한 지원을 추가하였습니다.</li>
	<li>Windows 이벤트 로그에 대한 과도한 진단 이벤트 기록이 비활성화 되었습니다.</li>
</ul>
]]>
</revision_enhancements_xlate_part>
      </revision_enhancements_xlate>
      <revision_enhancements_xlate lang="tw">
        <revision_enhancements_xlate_part>
<![CDATA[<ul>
	<li>已新增對 HP Smart Array P840ar 控制器的支援。</li>
	<li>已停用過多診斷事件記錄到 Windows 事件記錄檔。</li>
</ul>
]]>
</revision_enhancements_xlate_part>
      </revision_enhancements_xlate>
    </revision>
    <revision>
      <version value="63.8.0.64" revision="" type_of_change="0"/>
      <revision_enhancements_xlate lang="en">
        <revision_enhancements_xlate_part>
<![CDATA[<ul>
	<li>
		Added support for Multipath I/O (MPIO).</li>
	<li>
		Disabled excessive diagnostic event logging to the Windows Event log.&nbsp;</li>
	<li>
		Allow controllers to be clustered.</li>
	<li>
		Driver binaries built with the latest Windows Driver Kit 8.1.</li>
</ul>
]]>
</revision_enhancements_xlate_part>
      </revision_enhancements_xlate>
      <revision_enhancements_xlate lang="cn">
        <revision_enhancements_xlate_part>
<![CDATA[<ul>
	<li> 		增加了对多路径I/O (MPIO)的支持。</li>
	<li> 		禁用了Windows事件日志中过量的诊断事件日志。 </li>
	<li> 		允许控制器集群化。</li>
	<li> 		与最新版本Windows驱动程序套件8.1构建的二进制驱动程序文件。</li>
</ul>
]]>
</revision_enhancements_xlate_part>
      </revision_enhancements_xlate>
      <revision_enhancements_xlate lang="ja">
        <revision_enhancements_xlate_part>
<![CDATA[<ul>
	<li>
		マルチパスI/O（MPIO）のサポートを追加しました。</li>
	<li>
		Windowsイベントログへの過度の診断イベントの記録を無効にしました。</li>
	<li>
		コントローラーのクラスター化を可能にします。</li>
	<li>
		ドライバーバイナリは、最新のWindows Driver Kit 8.1でビルドされました。</li>
</ul>
]]>
</revision_enhancements_xlate_part>
      </revision_enhancements_xlate>
      <revision_enhancements_xlate lang="ko">
        <revision_enhancements_xlate_part>
<![CDATA[<ul>
	<li> 		다중경로 I/O(MPIO) 관련 지원을 추가하였습니다.</li>
	<li> 		Windows 이벤트 로그에 대한 과도한 진단 이벤트 기록이 비활성화 되었습니다. </li>
	<li> 		컨트롤러가 클러스터될 수 있습니다.</li>
	<li> 		최신 Windows 드라이버 키트 8.1로 드라이버 바이너리가 작성되었습니다.</li>
</ul>
]]>
</revision_enhancements_xlate_part>
      </revision_enhancements_xlate>
      <revision_enhancements_xlate lang="tw">
        <revision_enhancements_xlate_part>
<![CDATA[<ul>
	<li> 		已新增對多重路徑 I/O (MPIO) 的支援。</li>
	<li> 		已停用過多診斷事件記錄到 Windows 事件記錄檔。 </li>
	<li> 		允許叢集控制器。</li>
	<li> 		用最新的 Windows 驅動程式套件 8.1 建置的驅動程式二進位檔案。</li>
</ul>
]]>
</revision_enhancements_xlate_part>
      </revision_enhancements_xlate>
      <revision_fixes_xlate lang="en">
        <revision_fixes_xlate_part>
<![CDATA[<ul>
	<li>
		A Windows blue screen could occur when adding and deleting a very high number of logical volumes.</li>
	<li>
		IO was failing after hot removal of a drive in a fault tolerant volume when using HP SmartPath.</li>
</ul>
]]>
</revision_fixes_xlate_part>
      </revision_fixes_xlate>
      <revision_fixes_xlate lang="cn">
        <revision_fixes_xlate_part>
<![CDATA[<ul>
	<li> 		添加和删除海量逻辑卷时，可能出现Windows蓝屏。</li>
	<li> 		使用HP SmartPath热删除故障容错卷中的驱动器后，IO失败。</li>
</ul>
]]>
</revision_fixes_xlate_part>
      </revision_fixes_xlate>
      <revision_fixes_xlate lang="ja">
        <revision_fixes_xlate_part>
<![CDATA[<ul>
	<li>
		非常に多数の論理ボリュームを追加および削除したときにWindowsブルースクリーンが発生する可能性がありました。</li>
	<li>
		HP SmartPathを使用するときにフォールトトレラントボリューム内のドライブのホット除去後にIOが失敗していました。</li>
</ul>
]]>
</revision_fixes_xlate_part>
      </revision_fixes_xlate>
      <revision_fixes_xlate lang="ko">
        <revision_fixes_xlate_part>
<![CDATA[<ul>
	<li> 		너무 많은 논리 볼륨을 삭제하는 경우 Windows 블루 스크린이 발생할 수 있습니다.</li>
	<li> 		HP SmartPath를 사용할 때 내결함성 볼륨에서 드라이브를 제거한 후 IO가 실패했습니다.</li>
</ul>
]]>
</revision_fixes_xlate_part>
      </revision_fixes_xlate>
      <revision_fixes_xlate lang="tw">
        <revision_fixes_xlate_part>
<![CDATA[<ul>
	<li> 		新增和刪除非常大量的邏輯磁碟區時，可能會發生 Windows 藍色畫面。</li>
	<li> 		使用 HP SmartPath 時，熱移除容錯磁碟區中的磁碟機後 IO 失敗。</li>
</ul>
]]>
</revision_fixes_xlate_part>
      </revision_fixes_xlate>
    </revision>
    <revision>
      <version value="62.6.0.64" revision="" type_of_change="0"/>
      <revision_enhancements_xlate lang="en">
        <revision_enhancements_xlate_part>
<![CDATA[Added support for the following
<ul>
 <li>
  Smart Array P840</li>
 <li>
  Smart Array P441</li>
 <li>
  Smart Array P440ar</li>
 <li>
  Smart Array P440</li>
 <li>
  Smart Array P244br</li>
 <li>
  Smart HBA H241</li>
 <li>
  Smart HBA H240</li>
 <li>
  Smart HBA H240ar</li>
 <li>
  Smart HBA H244br</li>
</ul>
<p>
 &nbsp;</p>
<br />
<br />
<br />
<br />
<br />
<br />
]]>
</revision_enhancements_xlate_part>
      </revision_enhancements_xlate>
      <revision_enhancements_xlate lang="cn">
        <revision_enhancements_xlate_part>
<![CDATA[增加了对以下内容的支持
<ul>
 <li>   Smart Array P840</li>
 <li>   Smart Array P441</li>
 <li>   Smart Array P440ar</li>
 <li>   Smart Array P440</li>
 <li>   Smart Array P244br</li>
 <li>   Smart HBA H241</li>
 <li>   Smart HBA H240</li>
 <li>   Smart HBA H240ar</li>
 <li>   Smart HBA H244br</li>
</ul>
<p>   </p>
<br />
<br />
<br />
<br />
<br />
<br />
]]>
</revision_enhancements_xlate_part>
      </revision_enhancements_xlate>
      <revision_enhancements_xlate lang="ja">
        <revision_enhancements_xlate_part>
<![CDATA[以下のサポートを追加しました。
<ul>
 <li>
  SmartアレイP840</li>
 <li>
  SmartアレイP441</li>
 <li>
  SmartアレイP440ar</li>
 <li>
  SmartアレイP440</li>
 <li>
  SmartアレイP244br</li>
 <li>
  Smart HBA H241</li>
 <li>
  Smart HBA H240</li>
 <li>
  Smart HBA H240ar</li>
 <li>
  Smart HBA H244br</li>
</ul>
<p>
  </p>
<br /> <br /> <br /> <br /> <br /> <br />
]]>
</revision_enhancements_xlate_part>
      </revision_enhancements_xlate>
      <revision_enhancements_xlate lang="ko">
        <revision_enhancements_xlate_part>
<![CDATA[다음에 대한 지원 추가
<ul>
 <li>   Smart Array P840</li>
 <li>   Smart Array P441</li>
 <li>   Smart Array P440ar</li>
 <li>   Smart Array P440</li>
 <li>   Smart Array P244br</li>
 <li>   Smart HBA H241</li>
 <li>   Smart HBA H240</li>
 <li>   Smart HBA H240ar</li>
 <li>   Smart HBA H244br</li>
</ul>
<p>   </p>
<br />
<br />
<br />
<br />
<br />
<br />
]]>
</revision_enhancements_xlate_part>
      </revision_enhancements_xlate>
      <revision_enhancements_xlate lang="tw">
        <revision_enhancements_xlate_part>
<![CDATA[已新增對以下項目的支援
<ul>
 <li>   Smart Array P840</li>
 <li>   Smart Array P441</li>
 <li>   Smart Array P440ar</li>
 <li>   Smart Array P440</li>
 <li>   Smart Array P244br</li>
 <li>   Smart HBA H241</li>
 <li>   Smart HBA H240</li>
 <li>   Smart HBA H240ar</li>
 <li>   Smart HBA H244br</li>
</ul>
<p>   </p>
<br />
<br />
<br />
<br />
<br />
<br />
]]>
</revision_enhancements_xlate_part>
      </revision_enhancements_xlate>
    </revision>
    <revision>
      <version value="62.4.0.64" revision="" type_of_change="0"/>
      <revision_enhancements_xlate lang="en">
        <revision_enhancements_xlate_part>
<![CDATA[<ul>
 <li class="level1">
  Peformance improvments for MPIO bases solutions using MSA 2040 and P2000 storage enclosures.</li>
 <li class="level1">
  Improved performance for certain configurations using SSD SmartPath.</li>
</ul>
]]>
</revision_enhancements_xlate_part>
      </revision_enhancements_xlate>
      <revision_enhancements_xlate lang="cn">
        <revision_enhancements_xlate_part>
<![CDATA[<ul>
 <li class="level1">   使用MSA 2040和P2000存储机箱提升MPIO基础解决方案的性能</li>
 <li class="level1">   使用SSD SmartPath提升特定配置的性能。</li>
</ul>
]]>
</revision_enhancements_xlate_part>
      </revision_enhancements_xlate>
      <revision_enhancements_xlate lang="ja">
        <revision_enhancements_xlate_part>
<![CDATA[<ul>
 <li class="level1">
  MSA 2040およびP2000ストレージエンクロージャーを使用するMPIOベースのソリューションのパフォーマンスを改善します。</li>
 <li class="level1">
  SSD SmartPathを使用する特定の構成のパフォーマンスを改善しました。</li>
</ul>
]]>
</revision_enhancements_xlate_part>
      </revision_enhancements_xlate>
      <revision_enhancements_xlate lang="ko">
        <revision_enhancements_xlate_part>
<![CDATA[<ul>
 <li class="level1">   MSA 2040 및 P2000 스토리지 인클로저를 사용하여 MPIO 베이스 솔루션에 대한 성능 향상</li>
 <li class="level1">   SSD SmartPath를 사용하여 특정 구성에 대한 성능 향상</li>
</ul>
]]>
</revision_enhancements_xlate_part>
      </revision_enhancements_xlate>
      <revision_enhancements_xlate lang="tw">
        <revision_enhancements_xlate_part>
<![CDATA[<ul>
 <li class="level1">   使用 MSA 2040 及 P2000 儲存機櫃改進 MPIO 基礎解決方案的效能。</li>
 <li class="level1">   已改進使用 SSD SmartPath 的某些組態設定的效能。</li>
</ul>
]]>
</revision_enhancements_xlate_part>
      </revision_enhancements_xlate>
    </revision>
    <revision>
      <version value="62.2.4.64" revision="A" type_of_change="0"/>
      <revision_enhancements_xlate lang="en">
        <revision_enhancements_xlate_part>
<![CDATA[This driver supports Windows Server 2012 R2<br />
<p>
 This is the initial release of the Smart Array driver with support for the controllers listed below.&nbsp; This driver is required in order to take advantage of HP SSD Smart Path support.</p>
<p>
 This driver supports the following controllers:</p>
<ul>
 <li>
  Smart Array P430</li>
 <li>
  Smart Array P431</li>
 <li>
  Smart Array P731m</li>
 <li>
  Smart Array P421</li>
 <li>
  Smart Array P420</li>
 <li>
  Smart Array P420i</li>
 <li>
  Smart Array P222</li>
 <li>
  Smart Array P220i</li>
 <li>
  Smart Array P721m</li>
 <li>
  Smart Array P822</li>
</ul>
]]>
</revision_enhancements_xlate_part>
      </revision_enhancements_xlate>
      <revision_enhancements_xlate lang="cn">
        <revision_enhancements_xlate_part>
<![CDATA[此驱动程序支持 Windows Server 2012 R2<br />
<p>  这是 Smart Array 驱动程序的初始版本，支持下列控制器。此驱动程序是获得 HP SSD Smart Path 支持所必不可少的。</p>
<p>此驱动程序支持以下控制器：</p>
<ul>
 <li>   Smart Array P430</li>
 <li>   Smart Array P431</li>
 <li>   Smart Array P731m</li>
 <li>   Smart Array P421</li>
 <li>   Smart Array P420</li>
 <li>   Smart Array P420i</li>
 <li>   Smart Array P222</li>
 <li>   Smart Array P220i</li>
 <li>   Smart Array P721m</li>
 <li>   Smart Array P822</li>
</ul>
]]>
</revision_enhancements_xlate_part>
      </revision_enhancements_xlate>
      <revision_enhancements_xlate lang="ja">
        <revision_enhancements_xlate_part>
<![CDATA[このドライバーは、Windows Server 2012 R2をサポートします。<br />
<p>
 これは、下にリストされるコントローラーをサポートするSmartアレイドライバーの最初のリリースです。 このドライバーは、HP SSD Smart Pathサポートを利用するために必要とされます。</p>
<p>
 このドライバーは、以下のコントローラーをサポートします。</p>
<ul>
 <li>
  SmartアレイP430</li>
 <li>
  SmartアレイP431</li>
 <li>
  SmartアレイP731m</li>
 <li>
  SmartアレイP421</li>
 <li>
  SmartアレイP420</li>
 <li>
  SmartアレイP420i</li>
 <li>
  SmartアレイP222</li>
 <li>
  SmartアレイP220i</li>
 <li>
  Smartアレイ P721m</li>
 <li>
  SmartアレイP822</li>
</ul>
]]>
</revision_enhancements_xlate_part>
      </revision_enhancements_xlate>
      <revision_enhancements_xlate lang="ko">
        <revision_enhancements_xlate_part>
<![CDATA[이 드라이버는 Windows Server 2012 R2를 지원합니다.<br />
<p>  이 드라이버는 스마트 어레이 드라이버의 초기 릴리스이고, 아래에 나열된 컨트롤러에 대한 지원을 포함합니다.  HP SSD Smart Path 지원을 활용하려면 이 드라이버가 필요합니다.</p>
<p>  이 드라이버는 다음 컨트롤러를 지원합니다.</p>
<ul>
 <li>   스마트 어레이 P430</li>
 <li>   스마트 어레이 P431</li>
 <li>   스마트 어레이 P731m</li>
 <li>   스마트 어레이 P421</li>
 <li>   스마트 어레이 P420</li>
 <li>   스마트 어레이 P420i</li>
 <li>   스마트 어레이 P222</li>
 <li>   스마트 어레이 P220i</li>
 <li>   스마트 어레이 P721m</li>
 <li>   스마트 어레이 P822</li>
</ul>
]]>
</revision_enhancements_xlate_part>
      </revision_enhancements_xlate>
      <revision_enhancements_xlate lang="tw">
        <revision_enhancements_xlate_part>
<![CDATA[此驅動程式支援 Windows Server 2012 R2<br />
<p>  此為 Smart Array 驅動程式的初始版本，支援下方所列的控制器。必須有此驅動程式才能使用 HP SSD Smart Path 支援。</p>
<p>此驅動程式支援下列控制器：</p>
<ul>
 <li>   智慧型陣列 P430</li>
 <li>   智慧型陣列 P431</li>
 <li>   智慧型陣列 P731m</li>
 <li>   智慧型陣列 P421</li>
 <li>   智慧型陣列 P420</li>
 <li>   智慧型陣列 P420i</li>
 <li>   智慧型陣列 P222</li>
 <li>   智慧型陣列 P220i</li>
 <li>   智慧型陣列 P721m</li>
 <li>   智慧型陣列 P822</li>
</ul>
]]>
</revision_enhancements_xlate_part>
      </revision_enhancements_xlate>
    </revision>
    <revision>
      <version value="62.2.4.64" revision="" type_of_change="0"/>
      <revision_fixes_xlate lang="en">
        <revision_fixes_xlate_part>
<![CDATA[<p>
 Resolved a potential bluescreen when logical volumes are configured on an HP MSA P2000 or HP MSA 2040.&nbsp; This issue, caused by incorrect device enumeration, could result in other symptoms including incorrect disk instances reported to users, and incorrect number of path instances or poor performance when using MPIO.</p>
]]>
</revision_fixes_xlate_part>
      </revision_fixes_xlate>
      <revision_fixes_xlate lang="cn">
        <revision_fixes_xlate_part>
<![CDATA[<p>  解决了在HP MSA P2000或HP MSA 2040上配置逻辑卷时潜在的蓝屏问题。该问题由错误的设备枚举引起，可能导致向用户报告错误的磁盘实例、错误的路径实例数量，或使用MPIO时性能低下等问题。</p>
]]>
</revision_fixes_xlate_part>
      </revision_fixes_xlate>
      <revision_fixes_xlate lang="ja">
        <revision_fixes_xlate_part>
<![CDATA[<p>
 論理ボリュームがHP MSA P2000またはHP MSA2040上に設定されている場合の潜在的なブルースクリーンを解決しました。 誤ったデバイスの列挙によって生じるこの問題は、MPIOを使用するとき、ユーザーに報告される誤ったディスクインスタンスおよびパスインスタンスの誤った数またはパフォーマンスの低下を含む他の症状につながる可能性があります。</p>
]]>
</revision_fixes_xlate_part>
      </revision_fixes_xlate>
      <revision_fixes_xlate lang="ko">
        <revision_fixes_xlate_part>
<![CDATA[<p>  논리 볼륨이 HP MSA P2000 또는 HP MSA 2040에서 구성된 경우의 잠재적 블루스크린을 해결했습니다. 이 문제는 장치 열거가 잘못된 경우 발생하며, 이로 인해 사용자에게 잘못된 디스크 인스턴스 보고, 잘못된 경로 인스턴스 수 또는 MPIO를 사용하는 경우 성능 저하를 비롯한 여러 증상이 발생할 수 있습니다.</p>
]]>
</revision_fixes_xlate_part>
      </revision_fixes_xlate>
      <revision_fixes_xlate lang="tw">
        <revision_fixes_xlate_part>
<![CDATA[<p>  已解決在 HP MSA P2000 或 HP MSA 2040 上設定邏輯磁碟區時可能出現藍色畫面的問題。此問題起因於裝置列舉不正確，並且可導致其他症狀，包含回報給使用者的磁碟執行個體不正確及路徑執行個體數目不正確，或使用 MPIO 時的效能不佳。</p>
]]>
</revision_fixes_xlate_part>
      </revision_fixes_xlate>
    </revision>
    <revision>
      <version value="62.2.2.64" revision="" type_of_change="0"/>
      <revision_enhancements_xlate lang="en">
        <revision_enhancements_xlate_part>
<![CDATA[<p style="color: rgb(0, 0, 0); font-family: Verdana, Helvetica, sans-serif; font-size: 11px;">
	Added support for following controllers:</p>
<ul style="list-style-type: square; color: rgb(0, 0, 0); font-family: Verdana, Helvetica, sans-serif; font-size: 11px;">
	<li style="margin-left: 10px;">
		&nbsp;Smart Array P430</li>
	<li style="margin-left: 10px;">
		&nbsp;Smart Array P431</li>
	<li style="margin-left: 10px;">
		&nbsp;Smart Array P731m</li>
</ul>
]]>
</revision_enhancements_xlate_part>
      </revision_enhancements_xlate>
      <revision_enhancements_xlate lang="cn">
        <revision_enhancements_xlate_part>
<![CDATA[<p style="color: rgb(0, 0, 0); font-family: Verdana, Helvetica, sans-serif; font-size: 11px;">
	Added support for following controllers:</p>
<ul style="list-style-type: square; color: rgb(0, 0, 0); font-family: Verdana, Helvetica, sans-serif; font-size: 11px;">
	<li style="margin-left: 10px;">
		&nbsp;Smart Array P430</li>
	<li style="margin-left: 10px;">
		&nbsp;Smart Array P431</li>
	<li style="margin-left: 10px;">
		&nbsp;Smart Array P731m</li>
</ul>
]]>
</revision_enhancements_xlate_part>
      </revision_enhancements_xlate>
      <revision_enhancements_xlate lang="ja">
        <revision_enhancements_xlate_part>
<![CDATA[<p style="color: rgb(0, 0, 0); font-family: Verdana, Helvetica, sans-serif; font-size: 11px;">
	以下のコントローラーのサポートを追加しました。</p>
<ul style="list-style-type: square; color: rgb(0, 0, 0); font-family: Verdana, Helvetica, sans-serif; font-size: 11px;">
	<li style="margin-left: 10px;">
		 SmartアレイP430</li>
	<li style="margin-left: 10px;">
		 SmartアレイP431</li>
	<li style="margin-left: 10px;">
		 SmartアレイP731m</li>
</ul>
]]>
</revision_enhancements_xlate_part>
      </revision_enhancements_xlate>
      <revision_enhancements_xlate lang="ko">
        <revision_enhancements_xlate_part>
<![CDATA[<p style="color: rgb(0, 0, 0); font-family: Verdana, Helvetica, sans-serif; font-size: 11px;">
	Added support for following controllers:</p>
<ul style="list-style-type: square; color: rgb(0, 0, 0); font-family: Verdana, Helvetica, sans-serif; font-size: 11px;">
	<li style="margin-left: 10px;">
		&nbsp;Smart Array P430</li>
	<li style="margin-left: 10px;">
		&nbsp;Smart Array P431</li>
	<li style="margin-left: 10px;">
		&nbsp;Smart Array P731m</li>
</ul>
]]>
</revision_enhancements_xlate_part>
      </revision_enhancements_xlate>
      <revision_enhancements_xlate lang="tw">
        <revision_enhancements_xlate_part>
<![CDATA[<p style="color: rgb(0, 0, 0); font-family: Verdana, Helvetica, sans-serif; font-size: 11px;">
	Added support for following controllers:</p>
<ul style="list-style-type: square; color: rgb(0, 0, 0); font-family: Verdana, Helvetica, sans-serif; font-size: 11px;">
	<li style="margin-left: 10px;">
		&nbsp;Smart Array P430</li>
	<li style="margin-left: 10px;">
		&nbsp;Smart Array P431</li>
	<li style="margin-left: 10px;">
		&nbsp;Smart Array P731m</li>
</ul>
]]>
</revision_enhancements_xlate_part>
      </revision_enhancements_xlate>
    </revision>
  </revision_history>
  <sw_keys>
    <sw_keys_and>
      <sw_key name="hpcisss3.sys">
        <sw_key_expectedpath>%systemroot%\system32\drivers</sw_key_expectedpath>
      </sw_key>
    </sw_keys_and>
  </sw_keys>
  <prerequisites>
    <supported_operating_systems>
      <supported_operating_system platform="nt_x86-64" major="6" minor="2" sr="OEM" name="Microsoft Windows Server 2012"/>
      <supported_operating_system platform="nt-x86-64" major="6" minor="2" sr="OEM" name="Microsoft Windows 8 (64-bit)"/>
      <supported_operating_system platform="nt_x86-64" major="10" minor="0" sr="OEM" name="Microsoft Windows Server 2016"/>
      <supported_operating_system platform="nt_x86-64" major="6" minor="2" sr="OEM" edition="Essentials" name="Microsoft Windows Server 2012 Essentials"/>
      <supported_operating_system platform="nt_x86-64" major="6" minor="3" sr="OEM" name="Microsoft Windows Server 2012 R2"/>
    </supported_operating_systems>
    <supported_devices>
      <supported_devices_and>
        <supported_device type="pci">
          <supported_device_data name="ven">103c</supported_device_data>
          <supported_device_data name="dev">323b</supported_device_data>
          <supported_device_data name="subven">103c</supported_device_data>
          <supported_device_data name="subdev">3352</supported_device_data>
        </supported_device>
      </supported_devices_and>
      <supported_devices_and>
        <supported_device type="pci">
          <supported_device_data name="ven">103c</supported_device_data>
          <supported_device_data name="dev">323b</supported_device_data>
          <supported_device_data name="subven">103c</supported_device_data>
          <supported_device_data name="subdev">3351</supported_device_data>
        </supported_device>
      </supported_devices_and>
      <supported_devices_and>
        <supported_device type="pci">
          <supported_device_data name="ven">103c</supported_device_data>
          <supported_device_data name="dev">323b</supported_device_data>
          <supported_device_data name="subven">103c</supported_device_data>
          <supported_device_data name="subdev">3354</supported_device_data>
        </supported_device>
      </supported_devices_and>
      <supported_devices_and>
        <supported_device type="pci">
          <supported_device_data name="ven">103c</supported_device_data>
          <supported_device_data name="dev">323b</supported_device_data>
          <supported_device_data name="subven">103c</supported_device_data>
          <supported_device_data name="subdev">3350</supported_device_data>
        </supported_device>
      </supported_devices_and>
      <supported_devices_and>
        <supported_device type="pci">
          <supported_device_data name="ven">103c</supported_device_data>
          <supported_device_data name="dev">323b</supported_device_data>
          <supported_device_data name="subven">103c</supported_device_data>
          <supported_device_data name="subdev">3355</supported_device_data>
        </supported_device>
      </supported_devices_and>
      <supported_devices_and>
        <supported_device type="pci">
          <supported_device_data name="ven">103c</supported_device_data>
          <supported_device_data name="dev">323b</supported_device_data>
          <supported_device_data name="subven">103c</supported_device_data>
          <supported_device_data name="subdev">3353</supported_device_data>
        </supported_device>
      </supported_devices_and>
      <supported_devices_and>
        <supported_device type="pci">
          <supported_device_data name="ven">103C</supported_device_data>
          <supported_device_data name="dev">323B</supported_device_data>
          <supported_device_data name="subven">103C</supported_device_data>
          <supported_device_data name="subdev">3356</supported_device_data>
        </supported_device>
      </supported_devices_and>
      <supported_devices_and>
        <supported_device type="pci">
          <supported_device_data name="ven">103c</supported_device_data>
          <supported_device_data name="dev">323c</supported_device_data>
          <supported_device_data name="subven">103c</supported_device_data>
          <supported_device_data name="subdev">1926</supported_device_data>
        </supported_device>
      </supported_devices_and>
      <supported_devices_and>
        <supported_device type="pci">
          <supported_device_data name="ven">103c</supported_device_data>
          <supported_device_data name="dev">323c</supported_device_data>
          <supported_device_data name="subven">103c</supported_device_data>
          <supported_device_data name="subdev">1923</supported_device_data>
        </supported_device>
      </supported_devices_and>
      <supported_devices_and>
        <supported_device type="pci">
          <supported_device_data name="ven">103c</supported_device_data>
          <supported_device_data name="dev">323c</supported_device_data>
          <supported_device_data name="subven">103c</supported_device_data>
          <supported_device_data name="subdev">1922</supported_device_data>
        </supported_device>
      </supported_devices_and>
      <supported_devices_and>
        <supported_device type="pci">
          <supported_device_data name="ven">103c</supported_device_data>
          <supported_device_data name="dev">323c</supported_device_data>
          <supported_device_data name="subven">103c</supported_device_data>
          <supported_device_data name="subdev">1920</supported_device_data>
        </supported_device>
      </supported_devices_and>
      <supported_devices_and>
        <supported_device type="pci">
          <supported_device_data name="ven">103c</supported_device_data>
          <supported_device_data name="dev">323c</supported_device_data>
          <supported_device_data name="subven">103c</supported_device_data>
          <supported_device_data name="subdev">1928</supported_device_data>
        </supported_device>
      </supported_devices_and>
      <supported_devices_and>
        <supported_device type="pci">
          <supported_device_data name="ven">103c</supported_device_data>
          <supported_device_data name="dev">323c</supported_device_data>
          <supported_device_data name="subven">103c</supported_device_data>
          <supported_device_data name="subdev">1924</supported_device_data>
        </supported_device>
      </supported_devices_and>
      <supported_devices_and>
        <supported_device type="pci">
          <supported_device_data name="ven">103c</supported_device_data>
          <supported_device_data name="dev">323c</supported_device_data>
          <supported_device_data name="subven">103c</supported_device_data>
          <supported_device_data name="subdev">1921</supported_device_data>
        </supported_device>
      </supported_devices_and>
      <supported_devices_and>
        <supported_device type="pci">
          <supported_device_data name="ven">103c</supported_device_data>
          <supported_device_data name="dev">323c</supported_device_data>
          <supported_device_data name="subven">103c</supported_device_data>
          <supported_device_data name="subdev">1925</supported_device_data>
        </supported_device>
      </supported_devices_and>
      <supported_devices_and>
        <supported_device type="pci">
          <supported_device_data name="ven">103c</supported_device_data>
          <supported_device_data name="dev">3239</supported_device_data>
          <supported_device_data name="subven">103c</supported_device_data>
          <supported_device_data name="subdev">21c3</supported_device_data>
        </supported_device>
      </supported_devices_and>
      <supported_devices_and>
        <supported_device type="pci">
          <supported_device_data name="ven">103c</supported_device_data>
          <supported_device_data name="dev">3239</supported_device_data>
          <supported_device_data name="subven">103c</supported_device_data>
          <supported_device_data name="subdev">21c0</supported_device_data>
        </supported_device>
      </supported_devices_and>
      <supported_devices_and>
        <supported_device type="pci">
          <supported_device_data name="ven">103c</supported_device_data>
          <supported_device_data name="dev">3239</supported_device_data>
          <supported_device_data name="subven">103c</supported_device_data>
          <supported_device_data name="subdev">21c2</supported_device_data>
        </supported_device>
      </supported_devices_and>
      <supported_devices_and>
        <supported_device type="pci">
          <supported_device_data name="ven">103c</supported_device_data>
          <supported_device_data name="dev">3239</supported_device_data>
          <supported_device_data name="subven">103c</supported_device_data>
          <supported_device_data name="subdev">21BD</supported_device_data>
        </supported_device>
      </supported_devices_and>
      <supported_devices_and>
        <supported_device type="pci">
          <supported_device_data name="ven">103c</supported_device_data>
          <supported_device_data name="dev">3239</supported_device_data>
          <supported_device_data name="subven">103c</supported_device_data>
          <supported_device_data name="subdev">21c8</supported_device_data>
        </supported_device>
      </supported_devices_and>
      <supported_devices_and>
        <supported_device type="pci">
          <supported_device_data name="ven">103c</supported_device_data>
          <supported_device_data name="dev">3239</supported_device_data>
          <supported_device_data name="subven">103c</supported_device_data>
          <supported_device_data name="subdev">21c7</supported_device_data>
        </supported_device>
      </supported_devices_and>
      <supported_devices_and>
        <supported_device type="pci">
          <supported_device_data name="ven">103c</supported_device_data>
          <supported_device_data name="dev">3239</supported_device_data>
          <supported_device_data name="subven">103c</supported_device_data>
          <supported_device_data name="subdev">21bf</supported_device_data>
        </supported_device>
      </supported_devices_and>
      <supported_devices_and>
        <supported_device type="pci">
          <supported_device_data name="ven">103c</supported_device_data>
          <supported_device_data name="dev">3239</supported_device_data>
          <supported_device_data name="subven">103c</supported_device_data>
          <supported_device_data name="subdev">21c6</supported_device_data>
        </supported_device>
      </supported_devices_and>
      <supported_devices_and>
        <supported_device type="pci">
          <supported_device_data name="ven">103c</supported_device_data>
          <supported_device_data name="dev">3239</supported_device_data>
          <supported_device_data name="subven">103c</supported_device_data>
          <supported_device_data name="subdev">21cb</supported_device_data>
        </supported_device>
      </supported_devices_and>
      <supported_devices_and>
        <supported_device type="pci">
          <supported_device_data name="ven">103c</supported_device_data>
          <supported_device_data name="dev">3239</supported_device_data>
          <supported_device_data name="subven">103c</supported_device_data>
          <supported_device_data name="subdev">21c5</supported_device_data>
        </supported_device>
      </supported_devices_and>
      <supported_devices_and>
        <supported_device type="pci">
          <supported_device_data name="ven">103c</supported_device_data>
          <supported_device_data name="dev">3239</supported_device_data>
          <supported_device_data name="subven">103c</supported_device_data>
          <supported_device_data name="subdev">21be</supported_device_data>
        </supported_device>
      </supported_devices_and>
      <supported_devices_and>
        <supported_device type="pci">
          <supported_device_data name="ven">103c</supported_device_data>
          <supported_device_data name="dev">3239</supported_device_data>
          <supported_device_data name="subven">103c</supported_device_data>
          <supported_device_data name="subdev">21ca</supported_device_data>
        </supported_device>
      </supported_devices_and>
      <supported_devices_and>
        <supported_device type="pci">
          <supported_device_data name="ven">103c</supported_device_data>
          <supported_device_data name="dev">3239</supported_device_data>
          <supported_device_data name="subven">103c</supported_device_data>
          <supported_device_data name="subdev">21c1</supported_device_data>
        </supported_device>
      </supported_devices_and>
    </supported_devices>
    <required_diskspace size_kb="2000"/>
  </prerequisites>
  <installation>
    <install>
      <install_caps silent="yes" needuseracct="no"/>
      <command>cpqsetup.exe</command>
      <command_params>/verbose_log</command_params>
      <reboot_required value="no"/>
      <reboot_details value="Environment Dependent">
        <reboot_details_xlate lang="en">Reboot may be required after installation for updates to take effect and hardware stability to be maintained.</reboot_details_xlate>
        <reboot_details_xlate lang="cn">安装之后必须重启才能使更新生效并保持硬件稳定性。</reboot_details_xlate>
        <reboot_details_xlate lang="ja">アップデートの効果とハードウェアの安定を得るために、インストール後再起動が必要になることがあります。</reboot_details_xlate>
        <reboot_details_xlate lang="ko">업데이트가 적용되고 하드웨어 안정성이 유지되려면 설치 후 재부팅이 필요할 수 있습니다.</reboot_details_xlate>
        <reboot_details_xlate lang="tw">安裝後可能需要重新啟動，更新才會生效，並維持硬體穩定。</reboot_details_xlate>
      </reboot_details>
      <per_device_install_time_seconds>0</per_device_install_time_seconds>
    </install>
    <uninstall>
      <uninstall_caps silent="no"/>
      <command></command>
      <command_params></command_params>
      <reboot_required value="no"/>
    </uninstall>
  </installation>
</cpq_package>
