<?xml version="1.0" encoding="UTF-8"?>
<cpq_package version="2.0.1.0">
  <filename>cp028631.exe</filename>
  <divisions>
    <division key="9">
      <division_xlate lang="en">Storage</division_xlate>
      <division_xlate lang="cn">存储设备</division_xlate>
      <division_xlate lang="ja">ストレージ</division_xlate>
      <division_xlate lang="ko">스토리지</division_xlate>
      <division_xlate lang="tw">儲存裝置</division_xlate>
    </division>
    <division key="6">
      <division_xlate lang="en">Server</division_xlate>
      <division_xlate lang="cn">服务器</division_xlate>
      <division_xlate lang="ja">サーバ</division_xlate>
      <division_xlate lang="ko">서버</division_xlate>
      <division_xlate lang="tw">伺服器</division_xlate>
    </division>
  </divisions>
  <operating_systems>
    <operating_system key="">
      <operating_system_xlate>Microsoft Windows Server 2012</operating_system_xlate>
    </operating_system>
    <operating_system key="">
      <operating_system_xlate>Microsoft Windows Server 2012 Essentials</operating_system_xlate>
    </operating_system>
    <operating_system key="">
      <operating_system_xlate>Microsoft Windows Server 2012 R2</operating_system_xlate>
    </operating_system>
    <operating_system key="">
      <operating_system_xlate>Microsoft Windows Server 2016 - Server Core and Server with a Desktop</operating_system_xlate>
    </operating_system>
    <operating_system key="">
      <operating_system_xlate>Microsoft Windows Storage Server 2012</operating_system_xlate>
    </operating_system>
    <operating_system key="">
      <operating_system_xlate>Microsoft Windows Storage Server 2012 R2</operating_system_xlate>
    </operating_system>
  </operating_systems>
  <products>
    <product rom="I38"/>
    <product rom="I36"/>
    <product rom="P85"/>
    <product rom="P89"/>
    <product rom="P89"/>
    <product rom="U20"/>
    <product rom="U20"/>
    <product rom="P86"/>
    <product rom="U15"/>
    <product rom="U15"/>
    <product rom="U22"/>
    <product rom="P92"/>
    <product rom="P95"/>
    <product rom="P99"/>
    <product rom="U23"/>
    <product rom="U18"/>
    <product rom="U18"/>
    <product rom="U18"/>
    <product rom="U21"/>
    <product rom="U13"/>
    <product rom="U12"/>
    <product rom="U13"/>
    <product rom="U14"/>
    <product rom="U14"/>
    <product rom="U19"/>
    <product rom="I39"/>
    <product rom="I37"/>
    <product rom="U25"/>
    <product rom="U25"/>
    <product rom="U24"/>
  </products>
  <category key="11300100">
    <category_xlate lang="en">Driver - Storage</category_xlate>
    <category_xlate lang="cn">驱动程序 - 存储</category_xlate>
    <category_xlate lang="ja">ドライバ - ストレージ</category_xlate>
    <category_xlate lang="ko">드라이버 - 스토리지</category_xlate>
    <category_xlate lang="tw">驅動程式 ─ 儲存裝置</category_xlate>
  </category>
  <id product="78fc77876f754f93b5ef96248fa664b1" version="e88d0ce4d976423db2ebade3e4efaaee"/>
  <name>
    <name_xlate lang="en">Dynamic Smart Array B140i Controller Driver for Windows 2012/2012 R2 x64 and Windows 10 x64</name_xlate>
    <name_xlate lang="cn">用于Windows 2012/2012 R2 x64和Windows 10 x64的动态智能阵列B140i控制器驱动程序</name_xlate>
    <name_xlate lang="ja">Dynamic Smartアレイ B140iコントローラードライバー for Windows 2012/2012 R2 x64およびWindows 10 x64</name_xlate>
    <name_xlate lang="ko">Windows 2012/2012 R2 x64 및 Windows 10 x64용 다이내믹 스마트 어레이 B140i 컨트롤러 드라이버</name_xlate>
    <name_xlate lang="tw">適用於 Windows 2012/2012 R2 x64 及 Windows 10 x64 的 Dynamic Smart Array B140i 控制器驅動程式</name_xlate>
  </name>
  <alt_name>
    <alt_name_xlate lang="en">Dynamic Smart Array B140i Controller Driver for Windows 2012/2012 R2 x64 and Windows 10 x64</alt_name_xlate>
    <alt_name_xlate lang="cn">用于Windows 2012/2012 R2 x64和Windows 10 x64的动态智能阵列B140i控制器驱动程序</alt_name_xlate>
    <alt_name_xlate lang="ja">Dynamic Smartアレイ B140iコントローラードライバー for Windows 2012/2012 R2 x64およびWindows 10 x64</alt_name_xlate>
    <alt_name_xlate lang="ko">Windows 2012/2012 R2 x64 및 Windows 10 x64용 다이내믹 스마트 어레이 B140i 컨트롤러 드라이버</alt_name_xlate>
    <alt_name_xlate lang="tw">適用於 Windows 2012/2012 R2 x64 及 Windows 10 x64 的 Dynamic Smart Array B140i 控制器驅動程式</alt_name_xlate>
  </alt_name>
  <version value="62.10.0.64" revision="" type_of_change="1"/>
  <manufacturer_name>
    <manufacturer_name_xlate lang="en">Hewlett Packard Enterprise</manufacturer_name_xlate>
    <manufacturer_name_xlate lang="cn">惠普企业</manufacturer_name_xlate>
    <manufacturer_name_xlate lang="ja">Hewlett Packard Enterprise</manufacturer_name_xlate>
    <manufacturer_name_xlate lang="ko">Hewlett Packard Enterprise</manufacturer_name_xlate>
    <manufacturer_name_xlate lang="tw">Hewlett Packard Enterprise</manufacturer_name_xlate>
  </manufacturer_name>
  <languages langlist="en, ja">
    <languages_xlate lang="en">English (US), Japanese</languages_xlate>
    <languages_xlate lang="ja">英語（US）, 日本語</languages_xlate>
    <languages_xlate lang="ko">영어(미국), 일본어</languages_xlate>
    <languages_xlate lang="cn">英语（美国）, 日语</languages_xlate>
    <languages_xlate lang="tw">美式英文, 日文</languages_xlate>
  </languages>
  <release_date year="2016" month="8" day="23" hour="4" minute="5" second="6"/>
  <description>
    <description_xlate lang="en">
<![CDATA[This driver provides Windows 2012/2012 R2 x64 and Windows 10 x64 support for:
 Dynamic Smart Array B140i Controller.]]>
</description_xlate>
    <description_xlate lang="cn">
<![CDATA[该驱动程序为以下控制器提供了Windows 2012/2012 R2 x64和Windows 10 x64支持： 动态智能阵列 B140i 控制器。]]>
</description_xlate>
    <description_xlate lang="ja">
<![CDATA[このドライバーは、Dynamic SmartアレイB140iコントローラーのためのWindows 2012/2012 R2 x64およびWindows 10 x64サポートを提供します。]]>
</description_xlate>
    <description_xlate lang="ko">
<![CDATA[이 드라이버는 다음에 대해 Windows 2012/2012 R2 x64 및 Windows 10 x64 지원을 제공합니다. 다이내믹 스마트 어레이 B140i 컨트롤러.]]>
</description_xlate>
    <description_xlate lang="tw">
<![CDATA[此驅動程式提供用於下列項目的 Windows 2012/2012 R2 x64 及 Windows 10 x64 支援： Dynamic Smart Array B140i 控制器。]]>
</description_xlate>
  </description>
  <prerequisite_notes/>
  <installation_notes>
    <installation_notes_xlate lang="en">
      <installation_notes_xlate_part>
<![CDATA[<p>Place the Smart Component in a temporary directory, then double-click it to run.</p>

<p>Select &quot;Install&quot; to start extracting to a temporary location on the hard drive.</p>

<p>Click the &quot;Install&quot; button to perform the driver installation.</p>

<p><strong>Note:&nbsp;</strong>Per Microsoft kb #2031031(<a href="https://support.microsoft.com/en-us/kb/2931031">https://support.microsoft.com/en-us/kb/2931031</a>), users cannot remove/unmount a USB until after the install has finished.</p>
]]>
</installation_notes_xlate_part>
    </installation_notes_xlate>
    <installation_notes_xlate lang="cn">
      <installation_notes_xlate_part>
<![CDATA[<p>Place the Smart Component in a temporary directory, then double-click it to run.</p>

<p>Select &quot;Install&quot; to start extracting to a temporary location on the hard drive.</p>

<p>Click the &quot;Install&quot; button to perform the driver installation.</p>

<p><strong>Note:&nbsp;</strong>Per Microsoft kb #2031031(<a href="https://support.microsoft.com/en-us/kb/2931031">https://support.microsoft.com/en-us/kb/2931031</a>), users cannot remove/unmount a USB until after the install has finished.</p>
]]>
</installation_notes_xlate_part>
    </installation_notes_xlate>
    <installation_notes_xlate lang="ja">
      <installation_notes_xlate_part>
<![CDATA[<p>Place the Smart Component in a temporary directory, then double-click it to run.</p>

<p>Select &quot;Install&quot; to start extracting to a temporary location on the hard drive.</p>

<p>Click the &quot;Install&quot; button to perform the driver installation.</p>

<p><strong>Note:&nbsp;</strong>Per Microsoft kb #2031031(<a href="https://support.microsoft.com/en-us/kb/2931031">https://support.microsoft.com/en-us/kb/2931031</a>), users cannot remove/unmount a USB until after the install has finished.</p>
]]>
</installation_notes_xlate_part>
    </installation_notes_xlate>
    <installation_notes_xlate lang="ko">
      <installation_notes_xlate_part>
<![CDATA[<p>Place the Smart Component in a temporary directory, then double-click it to run.</p>

<p>Select &quot;Install&quot; to start extracting to a temporary location on the hard drive.</p>

<p>Click the &quot;Install&quot; button to perform the driver installation.</p>

<p><strong>Note:&nbsp;</strong>Per Microsoft kb #2031031(<a href="https://support.microsoft.com/en-us/kb/2931031">https://support.microsoft.com/en-us/kb/2931031</a>), users cannot remove/unmount a USB until after the install has finished.</p>
]]>
</installation_notes_xlate_part>
    </installation_notes_xlate>
    <installation_notes_xlate lang="tw">
      <installation_notes_xlate_part>
<![CDATA[<p>Place the Smart Component in a temporary directory, then double-click it to run.</p>

<p>Select &quot;Install&quot; to start extracting to a temporary location on the hard drive.</p>

<p>Click the &quot;Install&quot; button to perform the driver installation.</p>

<p><strong>Note:&nbsp;</strong>Per Microsoft kb #2031031(<a href="https://support.microsoft.com/en-us/kb/2931031">https://support.microsoft.com/en-us/kb/2931031</a>), users cannot remove/unmount a USB until after the install has finished.</p>
]]>
</installation_notes_xlate_part>
    </installation_notes_xlate>
  </installation_notes>
  <availability_notes/>
  <documentation_notes/>
  <revision_history>
    <revision>
      <version value="62.10.0.64" revision="" type_of_change="1"/>
      <revision_enhancements_xlate lang="en">
        <revision_enhancements_xlate_part>
<![CDATA[<p>Reduce debug output from optical devices.</p>

<p>Added support for Microsoft Windows Server 2016- Server Core and Server with a Desktop.</p>
]]>
</revision_enhancements_xlate_part>
      </revision_enhancements_xlate>
      <revision_enhancements_xlate lang="cn">
        <revision_enhancements_xlate_part>
<![CDATA[<p>Reduce debug output from optical devices.</p>

<p>Added support for Microsoft Windows Server 2016- Server Core and Server with a Desktop.</p>
]]>
</revision_enhancements_xlate_part>
      </revision_enhancements_xlate>
      <revision_enhancements_xlate lang="ja">
        <revision_enhancements_xlate_part>
<![CDATA[<p>Reduce debug output from optical devices.</p>

<p>Added support for Microsoft Windows Server 2016- Server Core and Server with a Desktop.</p>
]]>
</revision_enhancements_xlate_part>
      </revision_enhancements_xlate>
      <revision_enhancements_xlate lang="ko">
        <revision_enhancements_xlate_part>
<![CDATA[<p>Reduce debug output from optical devices.</p>

<p>Added support for Microsoft Windows Server 2016- Server Core and Server with a Desktop.</p>
]]>
</revision_enhancements_xlate_part>
      </revision_enhancements_xlate>
      <revision_enhancements_xlate lang="tw">
        <revision_enhancements_xlate_part>
<![CDATA[<p>Reduce debug output from optical devices.</p>

<p>Added support for Microsoft Windows Server 2016- Server Core and Server with a Desktop.</p>
]]>
</revision_enhancements_xlate_part>
      </revision_enhancements_xlate>
      <revision_fixes_xlate lang="en">
        <revision_fixes_xlate_part>
<![CDATA[<p>Fixed the System BSOD after installing Server 2012 R2 on B140i systems with higher CPU count than driver anticipated supporting. (typically more than 128 CPU (cores)).</p>

<p>Fixes the WHQL test failure when running &quot;Hypervisor Code Integrity Readiness Test&quot;.</p>

<p>&nbsp;</p>
]]>
</revision_fixes_xlate_part>
      </revision_fixes_xlate>
      <revision_fixes_xlate lang="cn">
        <revision_fixes_xlate_part>
<![CDATA[<p>Fixed the System BSOD after installing Server 2012 R2 on B140i systems with higher CPU count than driver anticipated supporting. (typically more than 128 CPU (cores)).</p>

<p>Fixes the WHQL test failure when running &quot;Hypervisor Code Integrity Readiness Test&quot;.</p>

<p>&nbsp;</p>
]]>
</revision_fixes_xlate_part>
      </revision_fixes_xlate>
      <revision_fixes_xlate lang="ja">
        <revision_fixes_xlate_part>
<![CDATA[<p>Fixed the System BSOD after installing Server 2012 R2 on B140i systems with higher CPU count than driver anticipated supporting. (typically more than 128 CPU (cores)).</p>

<p>Fixes the WHQL test failure when running &quot;Hypervisor Code Integrity Readiness Test&quot;.</p>

<p>&nbsp;</p>
]]>
</revision_fixes_xlate_part>
      </revision_fixes_xlate>
      <revision_fixes_xlate lang="ko">
        <revision_fixes_xlate_part>
<![CDATA[<p>Fixed the System BSOD after installing Server 2012 R2 on B140i systems with higher CPU count than driver anticipated supporting. (typically more than 128 CPU (cores)).</p>

<p>Fixes the WHQL test failure when running &quot;Hypervisor Code Integrity Readiness Test&quot;.</p>

<p>&nbsp;</p>
]]>
</revision_fixes_xlate_part>
      </revision_fixes_xlate>
      <revision_fixes_xlate lang="tw">
        <revision_fixes_xlate_part>
<![CDATA[<p>Fixed the System BSOD after installing Server 2012 R2 on B140i systems with higher CPU count than driver anticipated supporting. (typically more than 128 CPU (cores)).</p>

<p>Fixes the WHQL test failure when running &quot;Hypervisor Code Integrity Readiness Test&quot;.</p>

<p>&nbsp;</p>
]]>
</revision_fixes_xlate_part>
      </revision_fixes_xlate>
    </revision>
    <revision>
      <version value="62.8.0.64" revision="" type_of_change="1"/>
      <revision_fixes_xlate lang="en">
        <revision_fixes_xlate_part>
<![CDATA[<p>Fixes:<br />
Loading HP Dynamic Smart Array Controller&nbsp;driver fail during Windows install when set to virtual serial port.</p>

<p>&nbsp;</p>
]]>
</revision_fixes_xlate_part>
      </revision_fixes_xlate>
      <revision_fixes_xlate lang="cn">
        <revision_fixes_xlate_part>
<![CDATA[<p>修复功能：<br /> 如果设置为虚拟串行端口，在Windows安装过程中加载HP驱动程序失败。</p>

<p> </p>
]]>
</revision_fixes_xlate_part>
      </revision_fixes_xlate>
      <revision_fixes_xlate lang="ja">
        <revision_fixes_xlate_part>
<![CDATA[<p>修正：<br /> 仮想シリアルポートに設定すると、HP Dynamic SmartアレイコントローラードライバーのロードがWindowsインストール中に失敗します。</p>

<p> </p>
]]>
</revision_fixes_xlate_part>
      </revision_fixes_xlate>
      <revision_fixes_xlate lang="ko">
        <revision_fixes_xlate_part>
<![CDATA[<p>수정 사항:<br /> 가상 직렬 포트로 설정되었을 때 Windows 설치 동안 HP 드라이버 로드 실패.</p>

<p> </p>
]]>
</revision_fixes_xlate_part>
      </revision_fixes_xlate>
      <revision_fixes_xlate lang="tw">
        <revision_fixes_xlate_part>
<![CDATA[<p>修正：<br /> 設定為虛擬序列埠時，Windows 安裝期間載入 HP 驅動程式失敗。</p>

<p> </p>
]]>
</revision_fixes_xlate_part>
      </revision_fixes_xlate>
    </revision>
    <revision>
      <version value="62.6.0.64" revision="" type_of_change="1"/>
      <revision_enhancements_xlate lang="en">
        <revision_enhancements_xlate_part>
<![CDATA[<p>- Significant performance improvements.<br />
- Better CPU balancing.<br />
- Increase limit for reporting overheated drive temperature.</p>
]]>
</revision_enhancements_xlate_part>
      </revision_enhancements_xlate>
      <revision_enhancements_xlate lang="cn">
        <revision_enhancements_xlate_part>
<![CDATA[<p>- 性能明显改进。<br />- CPU更加均衡。<br />- 提高了驱动器温度过热报告的限制。</p>
]]>
</revision_enhancements_xlate_part>
      </revision_enhancements_xlate>
      <revision_enhancements_xlate lang="ja">
        <revision_enhancements_xlate_part>
<![CDATA[<p>- 性能が大幅に向上しました。<br /> - より良いCPUバランス。<br /> - 過熱ドライブ温度を報告する限度を増やしました。</p>
]]>
</revision_enhancements_xlate_part>
      </revision_enhancements_xlate>
      <revision_enhancements_xlate lang="ko">
        <revision_enhancements_xlate_part>
<![CDATA[<p>- 상당한 성능 개선이 이루어졌습니다.<br /> - CPU 부하 분산이 향상되었습니다.<br /> - 과열된 드라이브 온도 보고에 대한 한도가 늘어났습니다.</p>
]]>
</revision_enhancements_xlate_part>
      </revision_enhancements_xlate>
      <revision_enhancements_xlate lang="tw">
        <revision_enhancements_xlate_part>
<![CDATA[<p>- 顯著效能改進。<br />- 更佳 CPU 平衡。<br />- 增加報告過熱磁碟機溫度的限制。</p>
]]>
</revision_enhancements_xlate_part>
      </revision_enhancements_xlate>
      <revision_fixes_xlate lang="en">
        <revision_fixes_xlate_part>
<![CDATA[<p>Fix issue where Port and Box # were not being reported correctly to certain applications.</p>

<p>&nbsp;</p>
]]>
</revision_fixes_xlate_part>
      </revision_fixes_xlate>
      <revision_fixes_xlate lang="cn">
        <revision_fixes_xlate_part>
<![CDATA[<p>修复了某些应用程序无法正确报告端口和盒子编号的问题。</p>

<p> </p>
]]>
</revision_fixes_xlate_part>
      </revision_fixes_xlate>
      <revision_fixes_xlate lang="ja">
        <revision_fixes_xlate_part>
<![CDATA[<p>ポートとボックス番号が特定のアプリケーションに正しくレポートされていなかった問題を修正します。</p>

<p> </p>
]]>
</revision_fixes_xlate_part>
      </revision_fixes_xlate>
      <revision_fixes_xlate lang="ko">
        <revision_fixes_xlate_part>
<![CDATA[<p>포트 및 박스 번호가 특정 응용 프로그램에 올바르게 보고되지 않는 문제가 수정되었습니다.</p>

<p> </p>
]]>
</revision_fixes_xlate_part>
      </revision_fixes_xlate>
      <revision_fixes_xlate lang="tw">
        <revision_fixes_xlate_part>
<![CDATA[<p>修正連接埠及箱編號未正確報告給某些應用程式的問題。</p>

<p> </p>
]]>
</revision_fixes_xlate_part>
      </revision_fixes_xlate>
    </revision>
    <revision>
      <version value="62.4.0.64" revision="" type_of_change="1"/>
      <revision_enhancements_xlate lang="en">
        <revision_enhancements_xlate_part>
<![CDATA[<p><br />
Added support for:</p>

<ul>
	<li>&nbsp;&nbsp;&nbsp; Non-Disruptive Updating (NDU) of drives.</li>
</ul>
]]>
</revision_enhancements_xlate_part>
      </revision_enhancements_xlate>
      <revision_enhancements_xlate lang="cn">
        <revision_enhancements_xlate_part>
<![CDATA[<p><br /> 增加了对以下软件的支持：</p>

<ul>
	<li>    驱动器非破坏性升级（NDU）。</li>
</ul>
]]>
</revision_enhancements_xlate_part>
      </revision_enhancements_xlate>
      <revision_enhancements_xlate lang="ja">
        <revision_enhancements_xlate_part>
<![CDATA[<p><br /> 以下のサポートを追加しました。</p>

<ul>
	<li>    ドライブのNDU (Non-Disruptive Updating)。</li>
</ul>
]]>
</revision_enhancements_xlate_part>
      </revision_enhancements_xlate>
      <revision_enhancements_xlate lang="ko">
        <revision_enhancements_xlate_part>
<![CDATA[<p><br /> 다음에 대한 지원을 추가하였습니다.</p>

<ul>
	<li>    드라이브의 비파괴 업데이트(NDU)</li>
</ul>
]]>
</revision_enhancements_xlate_part>
      </revision_enhancements_xlate>
      <revision_enhancements_xlate lang="tw">
        <revision_enhancements_xlate_part>
<![CDATA[<p><br /> 新增對下列項目的支援：</p>

<ul>
	<li>    硬碟非干擾性更新 (NDU)。</li>
</ul>
]]>
</revision_enhancements_xlate_part>
      </revision_enhancements_xlate>
    </revision>
    <revision>
      <version value="62.2.0.64" revision="" type_of_change="0"/>
      <revision_enhancements_xlate lang="en">
        <revision_enhancements_xlate_part>
<![CDATA[<ul>
	<li>
		Support for Low Profile drives.</li>
	<li>
		Improvements to surface analysis and rebuild.</li>
	<li>
		Improvements to boot and rebuild support when volume changes occur during boot.</li>
</ul>
]]>
</revision_enhancements_xlate_part>
      </revision_enhancements_xlate>
      <revision_enhancements_xlate lang="cn">
        <revision_enhancements_xlate_part>
<![CDATA[<ul>
	<li> 		对薄型驱动器的支持。</li>
	<li> 		表面分析和重建的改进。</li>
	<li> 		改进了当启动中出现卷更改时，对启动和重建的支持。</li>
</ul>
]]>
</revision_enhancements_xlate_part>
      </revision_enhancements_xlate>
      <revision_enhancements_xlate lang="ja">
        <revision_enhancements_xlate_part>
<![CDATA[<ul>
	<li>
		ロープロファイルドライブのサポート。</li>
	<li>
		表面分析および再構築の改善。</li>
	<li>
		ブート中にボリュームの変更が発生した場合のブートおよび再構築サポートの改善。</li>
</ul>
]]>
</revision_enhancements_xlate_part>
      </revision_enhancements_xlate>
      <revision_enhancements_xlate lang="ko">
        <revision_enhancements_xlate_part>
<![CDATA[<ul>
	<li> 		로우 프로파일 드라이브를 지원합니다.</li>
	<li> 		표면 분석 및 재구축에 대한 향상된 기능입니다.</li>
	<li> 		부팅 중 볼륨 변경이 발생하는 경우 부팅 및 재구축 지원에 대한 향상된 기능입니다.</li>
</ul>
]]>
</revision_enhancements_xlate_part>
      </revision_enhancements_xlate>
      <revision_enhancements_xlate lang="tw">
        <revision_enhancements_xlate_part>
<![CDATA[<ul>
	<li> 		支援短薄型磁碟機。</li>
	<li> 		改善表面分析及重建。</li>
	<li> 		改善開機及開機期間發生磁碟區變更時的重建支援。</li>
</ul>
]]>
</revision_enhancements_xlate_part>
      </revision_enhancements_xlate>
      <revision_fixes_xlate lang="en">
        <revision_fixes_xlate_part>
<![CDATA[<ul>
	<li>
		Resolve issue with SCSI Verify to logical volumes.</li>
</ul>
]]>
</revision_fixes_xlate_part>
      </revision_fixes_xlate>
      <revision_fixes_xlate lang="cn">
        <revision_fixes_xlate_part>
<![CDATA[<ul>
	<li> 		解决了SCSI验证逻辑卷的问题。</li>
</ul>
]]>
</revision_fixes_xlate_part>
      </revision_fixes_xlate>
      <revision_fixes_xlate lang="ja">
        <revision_fixes_xlate_part>
<![CDATA[<ul>
	<li>
		論理ボリュームへのSCSI Verifyにより問題を解決します。</li>
</ul>
]]>
</revision_fixes_xlate_part>
      </revision_fixes_xlate>
      <revision_fixes_xlate lang="ko">
        <revision_fixes_xlate_part>
<![CDATA[<ul>
	<li> 		논리 볼륨에 대한 SCSI 확인 관련 문제를 해결합니다.</li>
</ul>
]]>
</revision_fixes_xlate_part>
      </revision_fixes_xlate>
      <revision_fixes_xlate lang="tw">
        <revision_fixes_xlate_part>
<![CDATA[<ul>
	<li> 		解決邏輯磁碟區的 SCSI 驗證問題。</li>
</ul>
]]>
</revision_fixes_xlate_part>
      </revision_fixes_xlate>
    </revision>
    <revision>
      <version value="62.0.0.64" revision="" type_of_change="0"/>
      <revision_enhancements_xlate lang="en">
        <revision_enhancements_xlate_part>
<![CDATA[
 Initial Release for Smart Array B140i&nbsp;
]]>
</revision_enhancements_xlate_part>
      </revision_enhancements_xlate>
      <revision_enhancements_xlate lang="cn">
        <revision_enhancements_xlate_part>
<![CDATA[  智能阵列B140i的初始版本 
]]>
</revision_enhancements_xlate_part>
      </revision_enhancements_xlate>
      <revision_enhancements_xlate lang="ja">
        <revision_enhancements_xlate_part>
<![CDATA[
 SmartアレイB140iの最初のリリース
]]>
</revision_enhancements_xlate_part>
      </revision_enhancements_xlate>
      <revision_enhancements_xlate lang="ko">
        <revision_enhancements_xlate_part>
<![CDATA[  Smart Array B140i의 최초 릴리스 
]]>
</revision_enhancements_xlate_part>
      </revision_enhancements_xlate>
      <revision_enhancements_xlate lang="tw">
        <revision_enhancements_xlate_part>
<![CDATA[  適用於 Smart Array B140i 的初始版本 
]]>
</revision_enhancements_xlate_part>
      </revision_enhancements_xlate>
    </revision>
  </revision_history>
  <sw_keys>
    <sw_keys_and>
      <sw_key name="hpsa3.sys">
        <sw_key_expectedpath>%systemroot%\system32\drivers</sw_key_expectedpath>
      </sw_key>
    </sw_keys_and>
  </sw_keys>
  <prerequisites>
    <supported_operating_systems>
      <supported_operating_system platform="nt_x86-64" major="6" minor="2" sr="OEM" name="Microsoft Windows Server 2012"/>
      <supported_operating_system platform="nt_x86-64" major="6" minor="3" sr="OEM" name="Microsoft Windows Storage Server 2012 R2"/>
      <supported_operating_system platform="nt_x86-64" major="10" minor="0" sr="OEM" name="Microsoft Windows Server 2016 - Server Core and Server with a Desktop"/>
      <supported_operating_system platform="nt_x86-64" major="6" minor="2" sr="OEM" edition="Essentials" name="Microsoft Windows Server 2012 Essentials"/>
      <supported_operating_system platform="nt_x86-64" major="6" minor="2" sr="OEM" name="Microsoft Windows Storage Server 2012"/>
      <supported_operating_system platform="nt_x86-64" major="6" minor="3" sr="OEM" name="Microsoft Windows Server 2012 R2"/>
    </supported_operating_systems>
    <supported_devices>
      <supported_devices_and>
        <supported_device type="pci">
          <supported_device_data name="ven">8086</supported_device_data>
          <supported_device_data name="dev">A107</supported_device_data>
          <supported_device_data name="subven">1590</supported_device_data>
          <supported_device_data name="subdev">00C0</supported_device_data>
        </supported_device>
      </supported_devices_and>
      <supported_devices_and>
        <supported_device type="pci">
          <supported_device_data name="ven">8086</supported_device_data>
          <supported_device_data name="dev">A106</supported_device_data>
          <supported_device_data name="subven">1590</supported_device_data>
          <supported_device_data name="subdev">00C0</supported_device_data>
        </supported_device>
      </supported_devices_and>
      <supported_devices_and>
        <supported_device type="pci">
          <supported_device_data name="ven">8086</supported_device_data>
          <supported_device_data name="dev">8D66</supported_device_data>
          <supported_device_data name="subven">1590</supported_device_data>
          <supported_device_data name="subdev">009D</supported_device_data>
        </supported_device>
      </supported_devices_and>
      <supported_devices_and>
        <supported_device type="pci">
          <supported_device_data name="ven">8086</supported_device_data>
          <supported_device_data name="dev">8D06</supported_device_data>
          <supported_device_data name="subven">1590</supported_device_data>
          <supported_device_data name="subdev">009C</supported_device_data>
        </supported_device>
      </supported_devices_and>
    </supported_devices>
    <required_diskspace size_kb="1000"/>
  </prerequisites>
  <installation>
    <install>
      <install_caps silent="yes" needuseracct="no"/>
      <command>cpqsetup.exe</command>
      <command_params>/verbose_log</command_params>
      <reboot_required value="yes"/>
      <reboot_details value="Required">
        <reboot_details_xlate lang="en">Reboot is required after installation for updates to take effect and hardware stability to be maintained.</reboot_details_xlate>
        <reboot_details_xlate lang="cn">安装之后必须重启才能使更新生效并保持硬件稳定性。</reboot_details_xlate>
        <reboot_details_xlate lang="ja">アップデートの効果とハードウェアの安定を得るために、インストール後の再起動は必要です。</reboot_details_xlate>
        <reboot_details_xlate lang="ko">업데이트가 적용되고 하드웨어 안정성이 유지되려면 설치 후 재부팅해야 합니다.</reboot_details_xlate>
        <reboot_details_xlate lang="tw">安裝後必須重新啟動，更新才會生效，並維持硬體穩定。</reboot_details_xlate>
      </reboot_details>
      <per_device_install_time_seconds>0</per_device_install_time_seconds>
    </install>
    <uninstall>
      <uninstall_caps silent="no"/>
      <command></command>
      <command_params></command_params>
      <reboot_required value="no"/>
    </uninstall>
  </installation>
</cpq_package>
