﻿<?xml version="1.0" encoding="utf-8"?>
<StorageDisks>
  <Components>
    <Disks>
      <Disk>
        <Manufacturer>ATA</Manufacturer>
        <Model>MM1000GBKAL</Model>
        <AllowedFirmware>
          <Version>HPGC</Version>
        </AllowedFirmware>
      </Disk>
      <Disk>
        <Manufacturer>ATA</Manufacturer>
        <Model>LK0200GEYMR</Model>
        <AllowedFirmware>
          <Version>HPG1</Version>
        </AllowedFirmware>
      </Disk>
      <Disk>
        <Manufacturer>ATA</Manufacturer>
        <Model>MK0200GEYKC</Model>
        <AllowedFirmware>
          <Version>HPG1</Version>
        </AllowedFirmware>
      </Disk>
    </Disks>
    <Cache>
    </Cache>
  </Components>
</StorageDisks>